<?xml version="1.0" encoding="UTF-8"?>
<extensionset description="Fabrik" name="Fabrik">
  <extension name="Fabrik System Plugin" element="fabrik" type="plugin" folder="system" version="3.8.1" detailsurl="http://fabrikar.com/update/fabrik31/plg_system_fabrik.xml"/>
  <extension name="Fabrik Cron Plugin" element="fabrikcron" type="plugin" folder="system" version="3.8.1" detailsurl="http://fabrikar.com/update/fabrik31/plg_system_fabrikcron.xml"/>
  <extension name="JSocial: Fabrik User Plugin" element="fabrik" type="plugin" folder="community" version="3.8.1" detailsurl="http://fabrikar.com/update/fabrik31/plg_jsocial_fabrik.xml"/>
  <extension name="Fabrik Content Plugin" element="fabrik" type="plugin" folder="content" version="3.8.1" detailsurl="http://fabrikar.com/update/fabrik31/plg_fabrik_content.xml"/>
  <extension name="Fabrik Search Plugin" element="fabrik" type="plugin" folder="search" version="3.8.1" detailsurl="http://fabrikar.com/update/fabrik31/plg_fabrik_search.xml"/>
  <extension name="Fabrik element: access" element="access" type="plugin" folder="fabrik_element" version="3.8.1" detailsurl="http://fabrikar.com/update/fabrik31/plg_element_access.xml"/>
  <extension name="Fabrik element: attending" element="attending" type="plugin" folder="fabrik_element" version="3.8.1" detailsurl="http://fabrikar.com/update/fabrik31/plg_element_attending.xml"/>
  <extension name="Fabrik element: birthday" element="birthday" type="plugin" folder="fabrik_element" version="3.8.1" detailsurl="http://fabrikar.com/update/fabrik31/plg_element_birthday.xml"/>
  <extension name="Fabrik element: button" element="button" type="plugin" folder="fabrik_element" version="3.8.1" detailsurl="http://fabrikar.com/update/fabrik31/plg_element_button.xml"/>
  <extension name="Fabrik element: calc" element="calc" type="plugin" folder="fabrik_element" version="3.8.1" detailsurl="http://fabrikar.com/update/fabrik31/plg_element_calc.xml"/>
  <extension name="Fabrik element: captcha" element="captcha" type="plugin" folder="fabrik_element" version="3.8.1" detailsurl="http://fabrikar.com/update/fabrik31/plg_element_captcha.xml"/>
  <extension name="Fabrik element: cascadingdropdown" element="cascadingdropdown" type="plugin" folder="fabrik_element" version="3.8.1" detailsurl="http://fabrikar.com/update/fabrik31/plg_element_cascadingdropdown.xml"/>
  <extension name="Fabrik element: checkbox" element="checkbox" type="plugin" folder="fabrik_element" version="3.8.1" detailsurl="http://fabrikar.com/update/fabrik31/plg_element_checkbox.xml"/>
  <extension name="Fabrik element: colourpicker" element="colourpicker" type="plugin" folder="fabrik_element" version="3.8.1" detailsurl="http://fabrikar.com/update/fabrik31/plg_element_colourpicker.xml"/>
  <extension name="Fabrik element: count" element="count" type="plugin" folder="fabrik_element" version="3.8.1" detailsurl="http://fabrikar.com/update/fabrik31/plg_element_count.xml"/>
  <extension name="Fabrik element: databasejoin" element="databasejoin" type="plugin" folder="fabrik_element" version="3.8.1" detailsurl="http://fabrikar.com/update/fabrik31/plg_element_databasejoin.xml"/>
  <extension name="Fabrik element: date" element="date" type="plugin" folder="fabrik_element" version="3.8.1" detailsurl="http://fabrikar.com/update/fabrik31/plg_element_date.xml"/>
  <extension name="Fabrik element: digsig" element="digsig" type="plugin" folder="fabrik_element" version="3.8.1" detailsurl="http://fabrikar.com/update/fabrik31/plg_element_digsig.xml"/>
  <extension name="Fabrik element: display" element="display" type="plugin" folder="fabrik_element" version="3.8.1" detailsurl="http://fabrikar.com/update/fabrik31/plg_element_display.xml"/>
  <extension name="Fabrik element: dropdown" element="dropdown" type="plugin" folder="fabrik_element" version="3.8.1" detailsurl="http://fabrikar.com/update/fabrik31/plg_element_dropdown.xml"/>
  <extension name="Fabrik element: fbcomment" element="fbcomment" type="plugin" folder="fabrik_element" version="3.8.1" detailsurl="http://fabrikar.com/update/fabrik31/plg_element_fbcomment.xml"/>
  <extension name="Fabrik element: fblike" element="fblike" type="plugin" folder="fabrik_element" version="3.8.1" detailsurl="http://fabrikar.com/update/fabrik31/plg_element_fblike.xml"/>
  <extension name="Fabrik element: field" element="field" type="plugin" folder="fabrik_element" version="3.8.1" detailsurl="http://fabrikar.com/update/fabrik31/plg_element_field.xml"/>
  <extension name="Fabrik element: fileupload" element="fileupload" type="plugin" folder="fabrik_element" version="3.8.1" detailsurl="http://fabrikar.com/update/fabrik31/plg_element_fileupload.xml"/>
  <extension name="Fabrik element: folder" element="folder" type="plugin" folder="fabrik_element" version="3.8.1" detailsurl="http://fabrikar.com/update/fabrik31/plg_element_folder.xml"/>
  <extension name="Fabrik element: googlemap" element="googlemap" type="plugin" folder="fabrik_element" version="3.8.1" detailsurl="http://fabrikar.com/update/fabrik31/plg_element_googlemap.xml"/>
  <extension name="Fabrik element: googleometer" element="googleometer" type="plugin" folder="fabrik_element" version="3.8.1" detailsurl="http://fabrikar.com/update/fabrik31/plg_element_googleometer.xml"/>
  <extension name="Fabrik element: image" element="image" type="plugin" folder="fabrik_element" version="3.8.1" detailsurl="http://fabrikar.com/update/fabrik31/plg_element_image.xml"/>
  <extension name="Fabrik element: internalid" element="internalid" type="plugin" folder="fabrik_element" version="3.8.1" detailsurl="http://fabrikar.com/update/fabrik31/plg_element_internalid.xml"/>
  <extension name="Fabrik element: ip" element="ip" type="plugin" folder="fabrik_element" version="3.8.1" detailsurl="http://fabrikar.com/update/fabrik31/plg_element_ip.xml"/>
  <extension name="Fabrik element: jsperiodical" element="jsperiodical" type="plugin" folder="fabrik_element" version="3.8.1" detailsurl="http://fabrikar.com/update/fabrik31/plg_element_jsperiodical.xml"/>
  <extension name="Fabrik element: link" element="link" type="plugin" folder="fabrik_element" version="3.8.1" detailsurl="http://fabrikar.com/update/fabrik31/plg_element_link.xml"/>
  <extension name="Fabrik element: notes" element="notes" type="plugin" folder="fabrik_element" version="3.8.1" detailsurl="http://fabrikar.com/update/fabrik31/plg_element_notes.xml"/>
  <extension name="Fabrik element: password" element="password" type="plugin" folder="fabrik_element" version="3.8.1" detailsurl="http://fabrikar.com/update/fabrik31/plg_element_password.xml"/>
  <extension name="Fabrik element: picklist" element="picklist" type="plugin" folder="fabrik_element" version="3.8.1" detailsurl="http://fabrikar.com/update/fabrik31/plg_element_picklist.xml"/>
  <extension name="Fabrik element: radiobutton" element="radiobutton" type="plugin" folder="fabrik_element" version="3.8.1" detailsurl="http://fabrikar.com/update/fabrik31/plg_element_radiobutton.xml"/>
  <extension name="Fabrik element: rating" element="rating" type="plugin" folder="fabrik_element" version="3.8.1" detailsurl="http://fabrikar.com/update/fabrik31/plg_element_rating.xml"/>
  <extension name="Fabrik element: sequence" element="sequence" type="plugin" folder="fabrik_element" version="3.8.1" detailsurl="http://fabrikar.com/update/fabrik31/plg_element_sequence.xml"/>
  <extension name="Fabrik element: slider" element="slider" type="plugin" folder="fabrik_element" version="3.8.1" detailsurl="http://fabrikar.com/update/fabrik31/plg_element_slider.xml"/>
  <extension name="Fabrik element: spotify" element="spotify" type="plugin" folder="fabrik_element" version="3.8.1" detailsurl="http://fabrikar.com/update/fabrik31/plg_element_spotify.xml"/>
  <extension name="Fabrik element: tags" element="tags" type="plugin" folder="fabrik_element" version="3.8.1" detailsurl="http://fabrikar.com/update/fabrik31/plg_element_tags.xml"/>
  <extension name="Fabrik element: textarea" element="textarea" type="plugin" folder="fabrik_element" version="3.8.1" detailsurl="http://fabrikar.com/update/fabrik31/plg_element_textarea.xml"/>
  <extension name="Fabrik element: thumbs" element="thumbs" type="plugin" folder="fabrik_element" version="3.8.1" detailsurl="http://fabrikar.com/update/fabrik31/plg_element_thumbs.xml"/>
  <extension name="Fabrik element: time" element="time" type="plugin" folder="fabrik_element" version="3.8.1" detailsurl="http://fabrikar.com/update/fabrik31/plg_element_time.xml"/>
  <extension name="Fabrik element: timer" element="timer" type="plugin" folder="fabrik_element" version="3.8.1" detailsurl="http://fabrikar.com/update/fabrik31/plg_element_timer.xml"/>
  <extension name="Fabrik element: timestamp" element="timestamp" type="plugin" folder="fabrik_element" version="3.8.1" detailsurl="http://fabrikar.com/update/fabrik31/plg_element_timestamp.xml"/>
  <extension name="Fabrik element: user" element="user" type="plugin" folder="fabrik_element" version="3.8.1" detailsurl="http://fabrikar.com/update/fabrik31/plg_element_user.xml"/>
  <extension name="Fabrik element: usergroup" element="usergroup" type="plugin" folder="fabrik_element" version="3.8.1" detailsurl="http://fabrikar.com/update/fabrik31/plg_element_usergroup.xml"/>
  <extension name="Fabrik element: viewlevel" element="viewlevel" type="plugin" folder="fabrik_element" version="3.8.1" detailsurl="http://fabrikar.com/update/fabrik31/plg_element_viewlevel.xml"/>
  <extension name="Fabrik element: yesno" element="yesno" type="plugin" folder="fabrik_element" version="3.8.1" detailsurl="http://fabrikar.com/update/fabrik31/plg_element_yesno.xml"/>
  <extension name="Fabrik element: youtube" element="youtube" type="plugin" folder="fabrik_element" version="3.8.1" detailsurl="http://fabrikar.com/update/fabrik31/plg_element_youtube.xml"/>
  <extension name="Fabrik cron: email" element="email" type="plugin" folder="fabrik_cron" version="3.8.1" detailsurl="http://fabrikar.com/update/fabrik31/plg_cron_email.xml"/>
  <extension name="Fabrik cron: gcalsync" element="gcalsync" type="plugin" folder="fabrik_cron" version="3.8.1" detailsurl="http://fabrikar.com/update/fabrik31/plg_cron_gcalsync.xml"/>
  <extension name="Fabrik cron: geocode" element="geocode" type="plugin" folder="fabrik_cron" version="3.8.1" detailsurl="http://fabrikar.com/update/fabrik31/plg_cron_geocode.xml"/>
  <extension name="Fabrik cron: gmail" element="gmail" type="plugin" folder="fabrik_cron" version="3.8.1" detailsurl="http://fabrikar.com/update/fabrik31/plg_cron_gmail.xml"/>
  <extension name="Fabrik cron: importcsv" element="importcsv" type="plugin" folder="fabrik_cron" version="3.8.1" detailsurl="http://fabrikar.com/update/fabrik31/plg_cron_importcsv.xml"/>
  <extension name="Fabrik cron: notification" element="notification" type="plugin" folder="fabrik_cron" version="3.8.1" detailsurl="http://fabrikar.com/update/fabrik31/plg_cron_notification.xml"/>
  <extension name="Fabrik cron: php" element="php" type="plugin" folder="fabrik_cron" version="3.8.1" detailsurl="http://fabrikar.com/update/fabrik31/plg_cron_php.xml"/>
  <extension name="Fabrik form: alphauserpoints" element="alphauserpoints" type="plugin" folder="fabrik_form" version="3.8.1" detailsurl="http://fabrikar.com/update/fabrik31/plg_form_alphauserpoints.xml"/>
  <extension name="Fabrik form: article" element="article" type="plugin" folder="fabrik_form" version="3.8.1" detailsurl="http://fabrikar.com/update/fabrik31/plg_form_article.xml"/>
  <extension name="Fabrik form: autofill" element="autofill" type="plugin" folder="fabrik_form" version="3.8.1" detailsurl="http://fabrikar.com/update/fabrik31/plg_form_autofill.xml"/>
  <extension name="Fabrik form: clone" element="clone" type="plugin" folder="fabrik_form" version="3.8.1" detailsurl="http://fabrikar.com/update/fabrik31/plg_form_clone.xml"/>
  <extension name="Fabrik form: comment" element="comment" type="plugin" folder="fabrik_form" version="3.8.1" detailsurl="http://fabrikar.com/update/fabrik31/plg_form_comment.xml"/>
  <extension name="Fabrik form: confirmation" element="confirmation" type="plugin" folder="fabrik_form" version="3.8.1" detailsurl="http://fabrikar.com/update/fabrik31/plg_form_confirmation.xml"/>
  <extension name="Fabrik form: email" element="email" type="plugin" folder="fabrik_form" version="3.8.1" detailsurl="http://fabrikar.com/update/fabrik31/plg_form_email.xml"/>
  <extension name="Fabrik form: exif" element="exif" type="plugin" folder="fabrik_form" version="3.8.1" detailsurl="http://fabrikar.com/update/fabrik31/plg_form_exif.xml"/>
  <extension name="Fabrik form: ftp" element="ftp" type="plugin" folder="fabrik_form" version="3.8.1" detailsurl="http://fabrikar.com/update/fabrik31/plg_form_ftp.xml"/>
  <extension name="Fabrik form: j2store" element="j2store" type="plugin" folder="fabrik_form" version="3.8.1" detailsurl="http://fabrikar.com/update/fabrik31/plg_form_j2store.xml"/>
  <extension name="Fabrik form: joompush" element="joompush" type="plugin" folder="fabrik_form" version="3.8.1" detailsurl="http://fabrikar.com/update/fabrik31/plg_form_joompush.xml"/>
  <extension name="Fabrik form: juser" element="juser" type="plugin" folder="fabrik_form" version="3.8.1" detailsurl="http://fabrikar.com/update/fabrik31/plg_form_juser.xml"/>
  <extension name="Fabrik form: kunena" element="kunena" type="plugin" folder="fabrik_form" version="3.8.1" detailsurl="http://fabrikar.com/update/fabrik31/plg_form_kunena.xml"/>
  <extension name="Fabrik form: limit" element="limit" type="plugin" folder="fabrik_form" version="3.8.1" detailsurl="http://fabrikar.com/update/fabrik31/plg_form_limit.xml"/>
  <extension name="Fabrik form: logs" element="logs" type="plugin" folder="fabrik_form" version="3.8.1" detailsurl="http://fabrikar.com/update/fabrik31/plg_form_logs.xml"/>
  <extension name="Fabrik form: mailchimp" element="mailchimp" type="plugin" folder="fabrik_form" version="3.8.1" detailsurl="http://fabrikar.com/update/fabrik31/plg_form_mailchimp.xml"/>
  <extension name="Fabrik form: notification" element="notification" type="plugin" folder="fabrik_form" version="3.8.1" detailsurl="http://fabrikar.com/update/fabrik31/plg_form_notification.xml"/>
  <extension name="Fabrik form: paginate" element="paginate" type="plugin" folder="fabrik_form" version="3.8.1" detailsurl="http://fabrikar.com/update/fabrik31/plg_form_paginate.xml"/>
  <extension name="Fabrik form: paypal" element="paypal" type="plugin" folder="fabrik_form" version="3.8.1" detailsurl="http://fabrikar.com/update/fabrik31/plg_form_paypal.xml"/>
  <extension name="Fabrik form: php" element="php" type="plugin" folder="fabrik_form" version="3.8.1" detailsurl="http://fabrikar.com/update/fabrik31/plg_form_php.xml"/>
  <extension name="Fabrik form: receipt" element="receipt" type="plugin" folder="fabrik_form" version="3.8.1" detailsurl="http://fabrikar.com/update/fabrik31/plg_form_receipt.xml"/>
  <extension name="Fabrik form: redirect" element="redirect" type="plugin" folder="fabrik_form" version="3.8.1" detailsurl="http://fabrikar.com/update/fabrik31/plg_form_redirect.xml"/>
  <extension name="Fabrik form: rest" element="rest" type="plugin" folder="fabrik_form" version="3.8.1" detailsurl="http://fabrikar.com/update/fabrik31/plg_form_rest.xml"/>
  <extension name="Fabrik form: salesforce" element="salesforce" type="plugin" folder="fabrik_form" version="3.8.1" detailsurl="http://fabrikar.com/update/fabrik31/plg_form_salesforce.xml"/>
  <extension name="Fabrik form: sms" element="sms" type="plugin" folder="fabrik_form" version="3.8.1" detailsurl="http://fabrikar.com/update/fabrik31/plg_form_sms.xml"/>
  <extension name="Fabrik form: stripe" element="stripe" type="plugin" folder="fabrik_form" version="3.8.1" detailsurl="http://fabrikar.com/update/fabrik31/plg_form_stripe.xml"/>
  <extension name="Fabrik form: subscriptions" element="subscriptions" type="plugin" folder="fabrik_form" version="3.8.1" detailsurl="http://fabrikar.com/update/fabrik31/plg_form_subscriptions.xml"/>
  <extension name="Fabrik form: twitter" element="twitter" type="plugin" folder="fabrik_form" version="3.8.1" detailsurl="http://fabrikar.com/update/fabrik31/plg_form_twitter.xml"/>
  <extension name="Fabrik form: upsert" element="upsert" type="plugin" folder="fabrik_form" version="3.8.1" detailsurl="http://fabrikar.com/update/fabrik31/plg_form_upsert.xml"/>
  <extension name="Fabrik list: article" element="article" type="plugin" folder="fabrik_list" version="3.8.1" detailsurl="http://fabrikar.com/update/fabrik31/plg_list_article.xml"/>
  <extension name="Fabrik list: candeleterow" element="candeleterow" type="plugin" folder="fabrik_list" version="3.8.1" detailsurl="http://fabrikar.com/update/fabrik31/plg_list_candeleterow.xml"/>
  <extension name="Fabrik list: caneditrow" element="caneditrow" type="plugin" folder="fabrik_list" version="3.8.1" detailsurl="http://fabrikar.com/update/fabrik31/plg_list_caneditrow.xml"/>
  <extension name="Fabrik list: copy" element="copy" type="plugin" folder="fabrik_list" version="3.8.1" detailsurl="http://fabrikar.com/update/fabrik31/plg_list_copy.xml"/>
  <extension name="Fabrik list: download" element="download" type="plugin" folder="fabrik_list" version="3.8.1" detailsurl="http://fabrikar.com/update/fabrik31/plg_list_download.xml"/>
  <extension name="Fabrik list: email" element="email" type="plugin" folder="fabrik_list" version="3.8.1" detailsurl="http://fabrikar.com/update/fabrik31/plg_list_email.xml"/>
  <extension name="Fabrik list: inlineedit" element="inlineedit" type="plugin" folder="fabrik_list" version="3.8.1" detailsurl="http://fabrikar.com/update/fabrik31/plg_list_inlineedit.xml"/>
  <extension name="Fabrik list: js" element="js" type="plugin" folder="fabrik_list" version="3.8.1" detailsurl="http://fabrikar.com/update/fabrik31/plg_list_js.xml"/>
  <extension name="Fabrik list: link" element="link" type="plugin" folder="fabrik_list" version="3.8.1" detailsurl="http://fabrikar.com/update/fabrik31/plg_list_link.xml"/>
  <extension name="Fabrik list: listcsv" element="listcsv" type="plugin" folder="fabrik_list" version="3.8.1" detailsurl="http://fabrikar.com/update/fabrik31/plg_list_listcsv.xml"/>
  <extension name="Fabrik list: order" element="order" type="plugin" folder="fabrik_list" version="3.8.1" detailsurl="http://fabrikar.com/update/fabrik31/plg_list_order.xml"/>
  <extension name="Fabrik list: php" element="php" type="plugin" folder="fabrik_list" version="3.8.1" detailsurl="http://fabrikar.com/update/fabrik31/plg_list_php.xml"/>
  <extension name="Fabrik list: php_events" element="php_events" type="plugin" folder="fabrik_list" version="3.8.1" detailsurl="http://fabrikar.com/update/fabrik31/plg_list_php_events.xml"/>
  <extension name="Fabrik list: pivot" element="pivot" type="plugin" folder="fabrik_list" version="3.8.1" detailsurl="http://fabrikar.com/update/fabrik31/plg_list_pivot.xml"/>
  <extension name="Fabrik list: radius_lookup" element="radius_lookup" type="plugin" folder="fabrik_list" version="3.8.1" detailsurl="http://fabrikar.com/update/fabrik31/plg_list_radius_lookup.xml"/>
  <extension name="Fabrik list: radius_search" element="radius_search" type="plugin" folder="fabrik_list" version="3.8.1" detailsurl="http://fabrikar.com/update/fabrik31/plg_list_radius_search.xml"/>
  <extension name="Fabrik list: update_col" element="update_col" type="plugin" folder="fabrik_list" version="3.8.1" detailsurl="http://fabrikar.com/update/fabrik31/plg_list_update_col.xml"/>
  <extension name="Fabrik list: webservice" element="webservice" type="plugin" folder="fabrik_list" version="3.8.1" detailsurl="http://fabrikar.com/update/fabrik31/plg_list_webservice.xml"/>
  <extension name="Fabrik validationrule: akismet" element="akismet" type="plugin" folder="fabrik_validationrule" version="3.8.1" detailsurl="http://fabrikar.com/update/fabrik31/plg_validationrule_akismet.xml"/>
  <extension name="Fabrik validationrule: areuniquevalues" element="areuniquevalues" type="plugin" folder="fabrik_validationrule" version="3.8.1" detailsurl="http://fabrikar.com/update/fabrik31/plg_validationrule_areuniquevalues.xml"/>
  <extension name="Fabrik validationrule: emailexists" element="emailexists" type="plugin" folder="fabrik_validationrule" version="3.8.1" detailsurl="http://fabrikar.com/update/fabrik31/plg_validationrule_emailexists.xml"/>
  <extension name="Fabrik validationrule: isalphanumeric" element="isalphanumeric" type="plugin" folder="fabrik_validationrule" version="3.8.1" detailsurl="http://fabrikar.com/update/fabrik31/plg_validationrule_isalphanumeric.xml"/>
  <extension name="Fabrik validationrule: isemail" element="isemail" type="plugin" folder="fabrik_validationrule" version="3.8.1" detailsurl="http://fabrikar.com/update/fabrik31/plg_validationrule_isemail.xml"/>
  <extension name="Fabrik validationrule: isgreaterorlessthan" element="isgreaterorlessthan" type="plugin" folder="fabrik_validationrule" version="3.8.1" detailsurl="http://fabrikar.com/update/fabrik31/plg_validationrule_isgreaterorlessthan.xml"/>
  <extension name="Fabrik validationrule: isiban" element="isiban" type="plugin" folder="fabrik_validationrule" version="3.8.1" detailsurl="http://fabrikar.com/update/fabrik31/plg_validationrule_isiban.xml"/>
  <extension name="Fabrik validationrule: isnot" element="isnot" type="plugin" folder="fabrik_validationrule" version="3.8.1" detailsurl="http://fabrikar.com/update/fabrik31/plg_validationrule_isnot.xml"/>
  <extension name="Fabrik validationrule: isnumeric" element="isnumeric" type="plugin" folder="fabrik_validationrule" version="3.8.1" detailsurl="http://fabrikar.com/update/fabrik31/plg_validationrule_isnumeric.xml"/>
  <extension name="Fabrik validationrule: isuniquevalue" element="isuniquevalue" type="plugin" folder="fabrik_validationrule" version="3.8.1" detailsurl="http://fabrikar.com/update/fabrik31/plg_validationrule_isuniquevalue.xml"/>
  <extension name="Fabrik validationrule: notempty" element="notempty" type="plugin" folder="fabrik_validationrule" version="3.8.1" detailsurl="http://fabrikar.com/update/fabrik31/plg_validationrule_notempty.xml"/>
  <extension name="Fabrik validationrule: openprovider" element="openprovider" type="plugin" folder="fabrik_validationrule" version="3.8.1" detailsurl="http://fabrikar.com/update/fabrik31/plg_validationrule_openprovider.xml"/>
  <extension name="Fabrik validationrule: php" element="php" type="plugin" folder="fabrik_validationrule" version="3.8.1" detailsurl="http://fabrikar.com/update/fabrik31/plg_validationrule_php.xml"/>
  <extension name="Fabrik validationrule: regex" element="regex" type="plugin" folder="fabrik_validationrule" version="3.8.1" detailsurl="http://fabrikar.com/update/fabrik31/plg_validationrule_regex.xml"/>
  <extension name="Fabrik validationrule: specialchars" element="specialchars" type="plugin" folder="fabrik_validationrule" version="3.8.1" detailsurl="http://fabrikar.com/update/fabrik31/plg_validationrule_specialchars.xml"/>
  <extension name="Fabrik validationrule: userexists" element="userexists" type="plugin" folder="fabrik_validationrule" version="3.8.1" detailsurl="http://fabrikar.com/update/fabrik31/plg_validationrule_userexists.xml"/>
  <extension name="Fabrik visualization: approvals" element="approvals" type="plugin" folder="fabrik_visualization" version="3.8.1" detailsurl="http://fabrikar.com/update/fabrik31/plg_visualization_approvals.xml"/>
  <extension name="Fabrik visualization: calendar" element="calendar" type="plugin" folder="fabrik_visualization" version="3.8.1" detailsurl="http://fabrikar.com/update/fabrik31/plg_visualization_calendar.xml"/>
  <extension name="Fabrik visualization: chart" element="chart" type="plugin" folder="fabrik_visualization" version="3.8.1" detailsurl="http://fabrikar.com/update/fabrik31/plg_visualization_chart.xml"/>
  <extension name="Fabrik visualization: coverflow" element="coverflow" type="plugin" folder="fabrik_visualization" version="3.8.1" detailsurl="http://fabrikar.com/update/fabrik31/plg_visualization_coverflow.xml"/>
  <extension name="Fabrik visualization: fullcalendar" element="fullcalendar" type="plugin" folder="fabrik_visualization" version="3.8.1" detailsurl="http://fabrikar.com/update/fabrik31/plg_visualization_fullcalendar.xml"/>
  <extension name="Fabrik visualization: fusionchart" element="fusionchart" type="plugin" folder="fabrik_visualization" version="3.8.1" detailsurl="http://fabrikar.com/update/fabrik31/plg_visualization_fusionchart.xml"/>
  <extension name="Fabrik visualization: fusion_gantt_chart" element="fusion_gantt_chart" type="plugin" folder="fabrik_visualization" version="3.8.1" detailsurl="http://fabrikar.com/update/fabrik31/plg_visualization_fusion_gantt_chart.xml"/>
  <extension name="Fabrik visualization: googlemap" element="googlemap" type="plugin" folder="fabrik_visualization" version="3.8.1" detailsurl="http://fabrikar.com/update/fabrik31/plg_visualization_googlemap.xml"/>
  <extension name="Fabrik visualization: media" element="media" type="plugin" folder="fabrik_visualization" version="3.8.1" detailsurl="http://fabrikar.com/update/fabrik31/plg_visualization_media.xml"/>
  <extension name="Fabrik visualization: nvd3_chart" element="nvd3_chart" type="plugin" folder="fabrik_visualization" version="3.8.1" detailsurl="http://fabrikar.com/update/fabrik31/plg_visualization_nvd3_chart.xml"/>
  <extension name="Fabrik visualization: slideshow" element="slideshow" type="plugin" folder="fabrik_visualization" version="3.8.1" detailsurl="http://fabrikar.com/update/fabrik31/plg_visualization_slideshow.xml"/>
  <extension name="Fabrik visualization: timeline" element="timeline" type="plugin" folder="fabrik_visualization" version="3.8.1" detailsurl="http://fabrikar.com/update/fabrik31/plg_visualization_timeline.xml"/>
  <extension name="Fabrik List Module" element="mod_fabrik_list" type="module" folder="" version="3.8.1" client="site" detailsurl="http://fabrikar.com/update/fabrik31/mod_fabrik_list.xml"/>
  <extension name="Fabrik Form Module" element="mod_fabrik_form" type="module" folder="" version="3.8.1" client="site" detailsurl="http://fabrikar.com/update/fabrik31/mod_fabrik_form.xml"/>
  <extension name="Fabrik Admin Form Module" element="mod_fabrik_form" type="module" folder="" version="3.8.1" client="administrator" detailsurl="http://fabrikar.com/update/fabrik31/mod_fabrik_admin_form.xml"/>
  <extension name="Fabrik Admin List Module" element="mod_fabrik_list" type="module" folder="" version="3.8.1" client="administrator" detailsurl="http://fabrikar.com/update/fabrik31/mod_fabrik_admin_list.xml"/>
  <extension name="Fabrik Admin QuickIcon Module" element="mod_fabrik_quickicon" type="module" folder="" version="3.8.1" client="administrator" detailsurl="http://fabrikar.com/update/fabrik31/mod_fabrik_admin_quickicon.xml"/>
  <extension name="Fabrik Admin Visualization Module" element="mod_fabrik_visualization" type="module" folder="" version="3.8.1" client="administrator" detailsurl="http://fabrikar.com/update/fabrik31/mod_fabrik_admin_visualization.xml"/>
  <extension client="administrator" name="fabrik" element="com_fabrik" type="component" folder="" version="3.8.1" detailsurl="http://fabrikar.com/update/fabrik31/com_fabrik.xml"/>
  <extension client="site" name="fabrik" element="lib_fabrik" type="library" folder="" version="3.8.1" detailsurl="http://fabrikar.com/update/fabrik31/lib_fabrik.xml"/>
</extensionset>
