<?xml version="1.0" encoding="UTF-8"?>
<updates>
  
<update><name>Fabrik form: stripe</name><description>Fabrik form: stripe</description><element>plg_form_stripe</element><type>plugin</type><folder>Fabrik_form</folder><version>3.8</version><downloads><downloadurl type="full" format="zip">http://fabrikar.com/media/downloads/plg_fabrik_form_stripe_3.8.zip</downloadurl></downloads><maintainer>Fabrikar.com</maintainer><maintainerurl>http://fabrikar.com</maintainerurl><targetplatform name="joomla" version="3"/></update><update><name>Fabrik form: stripe</name><description>Fabrik form: stripe</description><element>plg_form_stripe</element><type>plugin</type><folder>Fabrik_form</folder><version>3.8.1</version><downloads><downloadurl type="full" format="zip">http://fabrikar.com/media/downloads/plg_fabrik_form_stripe_3.8.1.zip</downloadurl></downloads><maintainer>Fabrikar.com</maintainer><maintainerurl>http://fabrikar.com</maintainerurl><targetplatform name="joomla" version="3"/></update></updates>
