<?xml version="1.0" encoding="UTF-8"?>
<updates>


	
<update><name>Community Builder: Fabrik User Plugin</name><description>Community Builder: Fabrik User Plugin</description><element>fabrik</element><type>plugin</type><folder>community</folder><version>3.3.3</version><downloads><downloadurl type="full" format="zip">http://fabrikar.com/media/downloads/plg_community_builder_fabrik_user_3.3.3.zip</downloadurl></downloads><maintainer>Fabrikar.com</maintainer><maintainerurl>http://fabrikar.com</maintainerurl><targetplatform name="joomla" version="3"/></update></updates>
