<?xml version="1.0" encoding="UTF-8"?>
<updates>
  
<update><name>Fabrik validationrule: isiban</name><description>Fabrik validationrule: isiban</description><element>plg_validationrule_isiban</element><type>plugin</type><folder>Fabrik_validationrule</folder><version>3.8</version><downloads><downloadurl type="full" format="zip">http://fabrikar.com/media/downloads/plg_fabrik_validationrule_isiban_3.8.zip</downloadurl></downloads><maintainer>Fabrikar.com</maintainer><maintainerurl>http://fabrikar.com</maintainerurl><targetplatform name="joomla" version="3"/></update><update><name>Fabrik validationrule: isiban</name><description>Fabrik validationrule: isiban</description><element>plg_validationrule_isiban</element><type>plugin</type><folder>Fabrik_validationrule</folder><version>3.8.1</version><downloads><downloadurl type="full" format="zip">http://fabrikar.com/media/downloads/plg_fabrik_validationrule_isiban_3.8.1.zip</downloadurl></downloads><maintainer>Fabrikar.com</maintainer><maintainerurl>http://fabrikar.com</maintainerurl><targetplatform name="joomla" version="3"/></update></updates>
