<?xml version="1.0" encoding="UTF-8"?>
<updates>
  
<update><name>Fabrik element: number</name><description>Fabrik element: number</description><element>plg_element_number</element><type>plugin</type><folder>Fabrik_element</folder><version>3</version><downloads><downloadurl type="full" format="zip">http://fabrikar.com/media/downloads/plg_fabrik_element_number_3.zip</downloadurl></downloads><maintainer>Fabrikar.com</maintainer><maintainerurl>http://fabrikar.com</maintainerurl><targetplatform name="joomla" version="3"/></update><update><name>Fabrik element: number</name><description>Fabrik element: number</description><element>plg_element_number</element><type>plugin</type><folder>Fabrik_element</folder><version>3.5</version><downloads><downloadurl type="full" format="zip">http://fabrikar.com/media/downloads/plg_fabrik_element_number_3.5.zip</downloadurl></downloads><maintainer>Fabrikar.com</maintainer><maintainerurl>http://fabrikar.com</maintainerurl><targetplatform name="joomla" version="3"/></update></updates>
