<?xml version="1.0" encoding="UTF-8"?>
<updates>
  <update>
    <name>Fabrik cron: controllers</name>
    <description>Fabrik cron: controllers</description>
    <element>plg_cron_controllers</element>
    <type>plugin</type>
    <folder>Fabrik_cron</folder>
    <version>3.3.4</version>
    <downloads>
      <downloadurl type="full" format="zip">http://fabrikar.com/media/downloads/plg_fabrik_cron_controllers_3.3.4.zip</downloadurl>
    </downloads>
    <maintainer>Fabrikar.com</maintainer>
    <maintainerurl>http://fabrikar.com</maintainerurl>
    <targetplatform name="joomla" version="3"/>
  </update>
</updates>
