<?xml version="1.0" encoding="UTF-8" standalone="no"?>
<updates>
		<update>
			<name>Fabrik Search Plugin</name>
			<description>Fabrik Search Plugin</description>
			<type>plugin</type>
			<element>fabrik</element>
			<folder>search</folder>
			<version>3.0.9</version>
			<downloads>
				<downloadurl format="zip" type="full">http://fabrikar.com/media/downloads/plg_fabrik_search_3.0.9.zip</downloadurl>
			</downloads>
			<maintainer>Rob Clayburn</maintainer>
			<maintainerurl>http::/fabrikar.com</maintainerurl>
			<targetplatform name="joomla" version="2.5"/>
		</update>
<update>
			<name>Fabrik Search Plugin</name>
			<description>Fabrik Search Plugin</description>
			<type>plugin</type>
			<element>fabrik</element>
			<folder>search</folder>
			<version>3.2</version>
			<downloads>
				<downloadurl format="zip" type="full">http://fabrikar.com/media/downloads/plg_fabrik_search_3.2.zip</downloadurl>
			</downloads>
			<maintainer>Rob Clayburn</maintainer>
			<maintainerurl>http://fabrikar.com</maintainerurl>
			<targetplatform name="joomla" version="3"/>
		</update>
<update>
			<name>Fabrik Search Plugin</name>
			<description>Fabrik Search Plugin</description>
			<type>plugin</type>
			<element>fabrik</element>
			<folder>search</folder>
			<version>3.3.1</version>
			<downloads>
				<downloadurl format="zip" type="full">http://fabrikar.com/media/downloads/plg_fabrik_search_3.3.1.zip</downloadurl>
			</downloads>
			<maintainer>Rob Clayburn</maintainer>
			<maintainerurl>http://fabrikar.com</maintainerurl>
			<targetplatform name="joomla" version="3"/>
		</update>
<update>
			<name>Fabrik Search Plugin</name>
			<description>Fabrik Search Plugin</description>
			<type>plugin</type>
			<element>fabrik</element>
			<folder>search</folder>
			<version>3.3.2</version>
			<downloads>
				<downloadurl format="zip" type="full">http://fabrikar.com/media/downloads/plg_fabrik_search_3.3.2.zip</downloadurl>
			</downloads>
			<maintainer>Rob Clayburn</maintainer>
			<maintainerurl>http://fabrikar.com</maintainerurl>
			<targetplatform name="joomla" version="3"/>
		</update>
</updates>
