<?xml version="1.0" encoding="UTF-8" standalone="no"?>
<updates>
	<update>
		<name>Fabrik Scheduled Tasks Plugin</name>
		<description>Fabrik Scheduled Tasks Plugin</description>
		<type>plugin</type>
		<element>fabrikcron</element>
		<folder>system</folder>
		<version>3.0.9</version>
		<downloads>
			<downloadurl format="zip" type="full">http://fabrikar.com/media/downloads/plg_fabrik_schedule_3.0.9.zip
			</downloadurl>
		</downloads>
		<maintainer>Rob Clayburn</maintainer>
		<maintainerurl>http::/fabrikar.com</maintainerurl>
		<targetplatform name="joomla" version="2.5"/>
	</update>
	<update>
		<name>Fabrik Scheduled Tasks Plugin</name>
		<description>Fabrik Scheduled Tasks Plugin</description>
		<type>plugin</type>
		<element>fabrikcron</element>
		<folder>system</folder>
		<version>3.1rc1</version>
		<downloads>
			<downloadurl format="zip" type="full">http://fabrikar.com/media/downloads/plg_fabrik_schedule_3.1rc1.zip
			</downloadurl>
		</downloads>
		<maintainer>Rob Clayburn</maintainer>
		<maintainerurl>http::/fabrikar.com</maintainerurl>
		<targetplatform name="joomla" version="3.1"/>
	</update>
	<update>
		<name>Fabrik Scheduled Tasks Plugin</name>
		<description>Fabrik Scheduled Tasks Plugin</description>
		<type>plugin</type>
		<element>fabrikcron</element>
		<folder>system</folder>
		<version>3.2</version>
		<downloads>
			<downloadurl format="zip" type="full">http://fabrikar.com/media/downloads/plg_fabrik_schedule_3.2.zip
			</downloadurl>
		</downloads>
		<maintainer>Rob Clayburn</maintainer>
		<maintainerurl>http://fabrikar.com</maintainerurl>
		<targetplatform name="joomla" version="3"/>
	</update>
	<update>
		<name>Fabrik Scheduled Tasks Plugin</name>
		<description>Fabrik Scheduled Tasks Plugin</description>
		<type>plugin</type>
		<element>fabrikcron</element>
		<folder>system</folder>
		<version>3.3.1</version>
		<downloads>
			<downloadurl format="zip" type="full">http://fabrikar.com/media/downloads/plg_fabrik_schedule_3.3.1.zip
			</downloadurl>
		</downloads>
		<maintainer>Rob Clayburn</maintainer>
		<maintainerurl>http://fabrikar.com</maintainerurl>
		<targetplatform name="joomla" version="3"/>
	</update>
	<update>
		<name>Fabrik Scheduled Tasks Plugin</name>
		<description>Fabrik Scheduled Tasks Plugin</description>
		<type>plugin</type>
		<element>fabrikcron</element>
		<folder>system</folder>
		<version>3.3.2</version>
		<downloads>
			<downloadurl format="zip" type="full">http://fabrikar.com/media/downloads/plg_fabrik_schedule_3.3.2.zip
			</downloadurl>
		</downloads>
		<maintainer>Rob Clayburn</maintainer>
		<maintainerurl>http://fabrikar.com</maintainerurl>
		<targetplatform name="joomla" version="3"/>
	</update>


	<update>
		<name>Fabrik Cron Plugin</name>
		<description>Fabrik Cron Plugin</description>
		<element>fabrikcron</element>
		<type>plugin</type>
		<folder>system</folder>
		<version>3.3.3</version>
		<downloads>
			<downloadurl type="full" format="zip">http://fabrikar.com/media/downloads/plg_fabrik_schedule_3.3.3.zip
			</downloadurl>
		</downloads>
		<maintainer>Fabrikar.com</maintainer>
		<maintainerurl>http://fabrikar.com</maintainerurl>
		<targetplatform name="joomla" version="3"/>
	</update>
	<update>
		<name>Fabrik Cron Plugin</name>
		<description>Fabrik Cron Plugin</description>
		<element>fabrikcron</element>
		<type>plugin</type>
		<folder>system</folder>
		<version>3.3.4</version>
		<downloads>
			<downloadurl type="full" format="zip">http://fabrikar.com/media/downloads/plg_fabrik_schedule_3.3.4.zip
			</downloadurl>
		</downloads>
		<maintainer>Fabrikar.com</maintainer>
		<maintainerurl>http://fabrikar.com</maintainerurl>
		<targetplatform name="joomla" version="3"/>
	</update>
	
<update><name>Fabrik Cron Plugin</name><description>Fabrik Cron Plugin</description><element>fabrikcron</element><type>plugin</type><folder>system</folder><version>3.4</version><downloads><downloadurl type="full" format="zip">http://fabrikar.com/media/downloads/plg_fabrik_schedule_3.4.zip</downloadurl></downloads><maintainer>Fabrikar.com</maintainer><maintainerurl>http://fabrikar.com</maintainerurl><targetplatform name="joomla" version="3"/></update><update><name>Fabrik Cron Plugin</name><description>Fabrik Cron Plugin</description><element>fabrikcron</element><type>plugin</type><folder>system</folder><version>3.4.2</version><downloads><downloadurl type="full" format="zip">http://fabrikar.com/media/downloads/plg_fabrik_schedule_3.4.2.zip</downloadurl></downloads><maintainer>Fabrikar.com</maintainer><maintainerurl>http://fabrikar.com</maintainerurl><targetplatform name="joomla" version="3"/></update><update><name>Fabrik Cron Plugin</name><description>Fabrik Cron Plugin</description><element>fabrikcron</element><type>plugin</type><folder>system</folder><version>3.4.3</version><downloads><downloadurl type="full" format="zip">http://fabrikar.com/media/downloads/plg_fabrik_schedule_3.4.3.zip</downloadurl></downloads><maintainer>Fabrikar.com</maintainer><maintainerurl>http://fabrikar.com</maintainerurl><targetplatform name="joomla" version="3"/></update><update><name>Fabrik Cron Plugin</name><description>Fabrik Cron Plugin</description><element>fabrikcron</element><type>plugin</type><folder>system</folder><version>3.5</version><downloads><downloadurl type="full" format="zip">http://fabrikar.com/media/downloads/plg_fabrik_schedule_3.5.zip</downloadurl></downloads><maintainer>Fabrikar.com</maintainer><maintainerurl>http://fabrikar.com</maintainerurl><targetplatform name="joomla" version="3"/></update><update><name>Fabrik Cron Plugin</name><description>Fabrik Cron Plugin</description><element>fabrikcron</element><type>plugin</type><folder>system</folder><version>3.5.1</version><downloads><downloadurl type="full" format="zip">http://fabrikar.com/media/downloads/plg_fabrik_schedule_3.5.1.zip</downloadurl></downloads><maintainer>Fabrikar.com</maintainer><maintainerurl>http://fabrikar.com</maintainerurl><targetplatform name="joomla" version="3"/></update><update><name>Fabrik Cron Plugin</name><description>Fabrik Cron Plugin</description><element>fabrikcron</element><type>plugin</type><folder>system</folder><version>3.5.2</version><downloads><downloadurl type="full" format="zip">http://fabrikar.com/media/downloads/plg_fabrik_schedule_3.5.2.zip</downloadurl></downloads><maintainer>Fabrikar.com</maintainer><maintainerurl>http://fabrikar.com</maintainerurl><targetplatform name="joomla" version="3"/></update><update><name>Fabrik Cron Plugin</name><description>Fabrik Cron Plugin</description><element>fabrikcron</element><type>plugin</type><folder>system</folder><version>3.6</version><downloads><downloadurl type="full" format="zip">http://fabrikar.com/media/downloads/plg_fabrik_schedule_3.6.zip</downloadurl></downloads><maintainer>Fabrikar.com</maintainer><maintainerurl>http://fabrikar.com</maintainerurl><targetplatform name="joomla" version="3"/></update><update><name>Fabrik Cron Plugin</name><description>Fabrik Cron Plugin</description><element>fabrikcron</element><type>plugin</type><folder>system</folder><version>3.7</version><downloads><downloadurl type="full" format="zip">http://fabrikar.com/media/downloads/plg_fabrik_schedule_3.7.zip</downloadurl></downloads><maintainer>Fabrikar.com</maintainer><maintainerurl>http://fabrikar.com</maintainerurl><targetplatform name="joomla" version="3"/></update><update><name>Fabrik Cron Plugin</name><description>Fabrik Cron Plugin</description><element>fabrikcron</element><type>plugin</type><folder>system</folder><version>3.8</version><downloads><downloadurl type="full" format="zip">http://fabrikar.com/media/downloads/plg_fabrik_schedule_3.8.zip</downloadurl></downloads><maintainer>Fabrikar.com</maintainer><maintainerurl>http://fabrikar.com</maintainerurl><targetplatform name="joomla" version="3"/></update><update><name>Fabrik Cron Plugin</name><description>Fabrik Cron Plugin</description><element>fabrikcron</element><type>plugin</type><folder>system</folder><version>3.8.1</version><downloads><downloadurl type="full" format="zip">http://fabrikar.com/media/downloads/plg_fabrik_schedule_3.8.1.zip</downloadurl></downloads><maintainer>Fabrikar.com</maintainer><maintainerurl>http://fabrikar.com</maintainerurl><targetplatform name="joomla" version="3"/></update></updates>
