<?xml version="1.0" encoding="UTF-8"?>
<updates>
  
<update><name>JSocial: Fabrik User Plugin</name><description>JSocial: Fabrik User Plugin</description><element>fabrik</element><type>plugin</type><folder>community</folder><version>3.4</version><downloads><downloadurl type="full" format="zip">http://fabrikar.com/media/downloads/plg_jsocial_fabrik_3.4.zip</downloadurl></downloads><maintainer>Fabrikar.com</maintainer><maintainerurl>http://fabrikar.com</maintainerurl><targetplatform name="joomla" version="3"/></update><update><name>JSocial: Fabrik User Plugin</name><description>JSocial: Fabrik User Plugin</description><element>fabrik</element><type>plugin</type><folder>community</folder><version>3.4.2</version><downloads><downloadurl type="full" format="zip">http://fabrikar.com/media/downloads/plg_jsocial_fabrik_3.4.2.zip</downloadurl></downloads><maintainer>Fabrikar.com</maintainer><maintainerurl>http://fabrikar.com</maintainerurl><targetplatform name="joomla" version="3"/></update><update><name>JSocial: Fabrik User Plugin</name><description>JSocial: Fabrik User Plugin</description><element>fabrik</element><type>plugin</type><folder>community</folder><version>3.4.3</version><downloads><downloadurl type="full" format="zip">http://fabrikar.com/media/downloads/plg_jsocial_fabrik_3.4.3.zip</downloadurl></downloads><maintainer>Fabrikar.com</maintainer><maintainerurl>http://fabrikar.com</maintainerurl><targetplatform name="joomla" version="3"/></update><update><name>JSocial: Fabrik User Plugin</name><description>JSocial: Fabrik User Plugin</description><element>fabrik</element><type>plugin</type><folder>community</folder><version>3.5</version><downloads><downloadurl type="full" format="zip">http://fabrikar.com/media/downloads/plg_jsocial_fabrik_3.5.zip</downloadurl></downloads><maintainer>Fabrikar.com</maintainer><maintainerurl>http://fabrikar.com</maintainerurl><targetplatform name="joomla" version="3"/></update><update><name>JSocial: Fabrik User Plugin</name><description>JSocial: Fabrik User Plugin</description><element>fabrik</element><type>plugin</type><folder>community</folder><version>3.5.1</version><downloads><downloadurl type="full" format="zip">http://fabrikar.com/media/downloads/plg_jsocial_fabrik_3.5.1.zip</downloadurl></downloads><maintainer>Fabrikar.com</maintainer><maintainerurl>http://fabrikar.com</maintainerurl><targetplatform name="joomla" version="3"/></update><update><name>JSocial: Fabrik User Plugin</name><description>JSocial: Fabrik User Plugin</description><element>fabrik</element><type>plugin</type><folder>community</folder><version>3.5.2</version><downloads><downloadurl type="full" format="zip">http://fabrikar.com/media/downloads/plg_jsocial_fabrik_3.5.2.zip</downloadurl></downloads><maintainer>Fabrikar.com</maintainer><maintainerurl>http://fabrikar.com</maintainerurl><targetplatform name="joomla" version="3"/></update><update><name>JSocial: Fabrik User Plugin</name><description>JSocial: Fabrik User Plugin</description><element>fabrik</element><type>plugin</type><folder>community</folder><version>3.6</version><downloads><downloadurl type="full" format="zip">http://fabrikar.com/media/downloads/plg_jsocial_fabrik_3.6.zip</downloadurl></downloads><maintainer>Fabrikar.com</maintainer><maintainerurl>http://fabrikar.com</maintainerurl><targetplatform name="joomla" version="3"/></update><update><name>JSocial: Fabrik User Plugin</name><description>JSocial: Fabrik User Plugin</description><element>fabrik</element><type>plugin</type><folder>community</folder><version>3.7</version><downloads><downloadurl type="full" format="zip">http://fabrikar.com/media/downloads/plg_jsocial_fabrik_3.7.zip</downloadurl></downloads><maintainer>Fabrikar.com</maintainer><maintainerurl>http://fabrikar.com</maintainerurl><targetplatform name="joomla" version="3"/></update><update><name>JSocial: Fabrik User Plugin</name><description>JSocial: Fabrik User Plugin</description><element>fabrik</element><type>plugin</type><folder>community</folder><version>3.8</version><downloads><downloadurl type="full" format="zip">http://fabrikar.com/media/downloads/plg_jsocial_fabrik_3.8.zip</downloadurl></downloads><maintainer>Fabrikar.com</maintainer><maintainerurl>http://fabrikar.com</maintainerurl><targetplatform name="joomla" version="3"/></update><update><name>JSocial: Fabrik User Plugin</name><description>JSocial: Fabrik User Plugin</description><element>fabrik</element><type>plugin</type><folder>community</folder><version>3.8.1</version><downloads><downloadurl type="full" format="zip">http://fabrikar.com/media/downloads/plg_jsocial_fabrik_3.8.1.zip</downloadurl></downloads><maintainer>Fabrikar.com</maintainer><maintainerurl>http://fabrikar.com</maintainerurl><targetplatform name="joomla" version="3"/></update></updates>
