<?xml version="1.0" encoding="UTF-8"?>
<updates>
  
<update><name>Fabrik list: link</name><description>Fabrik list: link</description><element>plg_list_link</element><type>plugin</type><folder>Fabrik_list</folder><version>3.8</version><downloads><downloadurl type="full" format="zip">http://fabrikar.com/media/downloads/plg_fabrik_list_link_3.8.zip</downloadurl></downloads><maintainer>Fabrikar.com</maintainer><maintainerurl>http://fabrikar.com</maintainerurl><targetplatform name="joomla" version="3"/></update><update><name>Fabrik list: link</name><description>Fabrik list: link</description><element>plg_list_link</element><type>plugin</type><folder>Fabrik_list</folder><version>3.8.1</version><downloads><downloadurl type="full" format="zip">http://fabrikar.com/media/downloads/plg_fabrik_list_link_3.8.1.zip</downloadurl></downloads><maintainer>Fabrikar.com</maintainer><maintainerurl>http://fabrikar.com</maintainerurl><targetplatform name="joomla" version="3"/></update></updates>
