<?xml version="1.0" encoding="UTF-8" standalone="no"?>
<extension group="fabrik_element" method="upgrade" type="plugin" version="3">
	<name>plg_fabrik_element_calc</name>
	<author>Media A-Team, Inc.</author>
	<creationDate>February 2018</creationDate>
	<copyright>Copyright (C) 2005-2018 Media A-Team, Inc. - All rights reserved.</copyright>
	<license>GNU/GPL http://www.gnu.org/copyleft/gpl.html</license>
	<authorEmail>hugh.messenger@gmail.com</authorEmail>
	<authorUrl>www.fabrikar.com</authorUrl>
	<version>3.8.1</version>
	<help url="PLG_ELEMENT_CALC_HELP_SERVER"/>
	<description>PLG_ELEMENT_CALC_DESCRIPTION</description>
	<files>
		<filename plugin="calc">calc.php</filename>
		<filename>calc.js</filename>
		<filename>calc-min.js</filename>
		<filename>index.html</filename>
		<filename>list-calc.js</filename>
		<filename>list-calc-min.js</filename>
		<folder>forms</folder>
		<folder>language</folder>
		<folder>layouts</folder>
	</files>
</extension>
